ID,Title,Subreddit,Score,Comments,Keywords,Date,URL
1gfbdb3,"¿Cuál ha sido la peor estafa en la que haz caído?",preguntaleareddit,6,39,"estafa",2024-10-29 19:36:22,https://reddit.com/r/preguntaleareddit/comments/1gfbdb3/cuál_ha_sido_la_peor_estafa_en_la_que_haz_caído/
1lam1if,"que debo hacer si me sigo comparando con las ex de mi novio?",preguntaleareddit,3,16,"timo, timos",2025-06-13 11:36:24,https://reddit.com/r/preguntaleareddit/comments/1lam1if/que_debo_hacer_si_me_sigo_comparando_con_las_ex/
1lhgc6i,"Como cres que fue este sufrimiento?",preguntaleareddit,1,0,"timo",2025-06-21 23:30:43,https://reddit.com/r/preguntaleareddit/comments/1lhgc6i/como_cres_que_fue_este_sufrimiento/
1lisalf,"¿Que debería de hacer? Los últimos 4 años de mi vida.",preguntaleareddit,1,0,"timo, timos",2025-06-23 14:59:53,https://reddit.com/r/preguntaleareddit/comments/1lisalf/que_debería_de_hacer_los_últimos_4_años_de_mi_vida/
1lhga9d,"Como crees que fue este sufrimiento como estudiante?",preguntaleareddit,1,0,"timo",2025-06-21 23:27:16,https://reddit.com/r/preguntaleareddit/comments/1lhga9d/como_crees_que_fue_este_sufrimiento_como/
1lbnam5,"Personas buscando empleo ¿Cuánto llevan desempleados y cómo hacen para manejar las ansiedades?",preguntaleareddit,1,2,"timo, timos",2025-06-14 18:25:06,https://reddit.com/r/preguntaleareddit/comments/1lbnam5/personas_buscando_empleo_cuánto_llevan/
1igr43e,"Te han estafado alguna vez?",preguntaleareddit,1,5,"estafa",2025-02-03 09:05:53,https://reddit.com/r/preguntaleareddit/comments/1igr43e/te_han_estafado_alguna_vez/
1lbevsd,"Gente que a echo amarres, si les resulto?",preguntaleareddit,2,34,"estafa",2025-06-14 12:00:49,https://reddit.com/r/preguntaleareddit/comments/1lbevsd/gente_que_a_echo_amarres_si_les_resulto/
1m0l6ty,"Duelo o evasión después de una relación?",preguntaleareddit,1,1,"timo, timos",2025-07-15 09:43:12,https://reddit.com/r/preguntaleareddit/comments/1m0l6ty/duelo_o_evasión_después_de_una_relación/
1l1j9lo,"¿Existe una comunidad que ayude a tumbar sitios web o una clase de justicia social?",preguntaleareddit,2,1,"estafa",2025-06-02 08:20:49,https://reddit.com/r/preguntaleareddit/comments/1l1j9lo/existe_una_comunidad_que_ayude_a_tumbar_sitios/
1lclix4,"Me acaban de robar mi cuenta de google que la tenia hace más de 10 años  ¿como puedo hacer para recuperarla?",preguntaleareddit,2,0,"me robaron",2025-06-16 00:12:52,https://reddit.com/r/preguntaleareddit/comments/1lclix4/me_acaban_de_robar_mi_cuenta_de_google_que_la/
1lfnm1j,"Estafa en Tinder con gringas?",preguntaleareddit,10,37,"estafa",2025-06-19 16:12:46,https://reddit.com/r/preguntaleareddit/comments/1lfnm1j/estafa_en_tinder_con_gringas/
1lk0vsw,"¿Qué hábitos o cosas afectan la visión rápidamente?",preguntaleareddit,5,3,"timo",2025-06-25 03:13:38,https://reddit.com/r/preguntaleareddit/comments/1lk0vsw/qué_hábitos_o_cosas_afectan_la_visión_rápidamente/
1lbddlj,"¿Como puedo ayudar a mi suegra?",preguntaleareddit,1,2,"timo, timos",2025-06-14 10:56:13,https://reddit.com/r/preguntaleareddit/comments/1lbddlj/como_puedo_ayudar_a_mi_suegra/
1llcxl0,"Quienes suelen ser más directos al cortejar?",preguntaleareddit,1,12,"timo, timos",2025-06-26 15:58:04,https://reddit.com/r/preguntaleareddit/comments/1llcxl0/quienes_suelen_ser_más_directos_al_cortejar/
1l1mo9q,"¿Recomendaciones de cursos serios de terapias asistidas con animales en España?",preguntaleareddit,1,0,"estafa, estafas",2025-06-02 10:34:54,https://reddit.com/r/preguntaleareddit/comments/1l1mo9q/recomendaciones_de_cursos_serios_de_terapias/
1hixrvg,"¿Que consejos dan para evitar estafas como caída de teléfono o algo parecido? ",preguntaleareddit,0,2,"estafa, estafas",2024-12-20 18:20:18,https://reddit.com/r/preguntaleareddit/comments/1hixrvg/que_consejos_dan_para_evitar_estafas_como_caída/
1lw2g7a,"Me estafaron mae, que puedo hacer?",preguntaleareddit,1,2,"estafa, me estafaron",2025-07-09 21:20:15,https://reddit.com/r/preguntaleareddit/comments/1lw2g7a/me_estafaron_mae_que_puedo_hacer/
1l78goi,"Mi esposo tiene más de 100.000 euros de deuda causada por su padre. ¿Hay opciones legales para negociar el pago o reducirla?",preguntaleareddit,8,16,"timo, timos",2025-06-09 09:56:11,https://reddit.com/r/preguntaleareddit/comments/1l78goi/mi_esposo_tiene_más_de_100000_euros_de_deuda/
1m1bu2t,"Perdi al amor de mi vida por preocuparme por ella ¿Hice mal?",preguntaleareddit,2,2,"timo",Wed Jul 16 2025 06:54:12 GMT-0600 (hora estándar central),https://www.reddit.com/r/preguntaleareddit/comments/1m1bu2t/perdi_al_amor_de_mi_vida_por_preocuparme_por_ella/
1m0x8ub,"¿ Recomendaciones para hacer crecer el cabello en hombres",preguntaleareddit,1,9,"timo",Tue Jul 15 2025 17:29:22 GMT-0600 (hora estándar central),https://www.reddit.com/r/preguntaleareddit/comments/1m0x8ub/recomendaciones_para_hacer_crecer_el_cabello_en/
1loi6in,"Por qué después de tantos años el denunciar sigue siendo un sistema torpe?!",MexicoCity,63,34,"me robaron",2025-06-30 14:23:23,https://reddit.com/r/MexicoCity/comments/1loi6in/por_qué_después_de_tantos_años_el_denunciar_sigue/
1jbjzne,"AT&amp;t",MexicoCity,3,4,"estafa",2025-03-14 19:29:13,https://reddit.com/r/MexicoCity/comments/1jbjzne/att/
1g6tvx9,"Pensé que me iban a estafar, pero no pasó.",MexicoCity,0,7,"estafa, estafas, me estafaron, me robaron",2024-10-18 16:00:45,https://reddit.com/r/MexicoCity/comments/1g6tvx9/pensé_que_me_iban_a_estafar_pero_no_pasó/
1f29gau,"Cómo dar de baja reporte de robo? ",MexicoCity,5,7,"me robaron",2024-08-26 23:29:34,https://reddit.com/r/MexicoCity/comments/1f29gau/cómo_dar_de_baja_reporte_de_robo/
1gumykk,"Extorsionados en la Colonia Doctores",MexicoCity,118,164,"timo, timos",2024-11-18 20:41:40,https://reddit.com/r/MexicoCity/comments/1gumykk/extorsionados_en_la_colonia_doctores/
1gwtgm5,"¿Fraude con infracción en CDMX?",MexicoCity,24,13,"fraude",2024-11-21 17:22:30,https://reddit.com/r/MexicoCity/comments/1gwtgm5/fraude_con_infracción_en_cdmx/
1lzoecb,"¿Alguien me puede ayudar con ideas de regalos, por favor?",MexicoCity,1,17,"timo, timos",2025-07-14 08:48:59,https://reddit.com/r/MexicoCity/comments/1lzoecb/alguien_me_puede_ayudar_con_ideas_de_regalos_por/
1k05cbc,"¿Cuál es el repudio hacia utilizar MercadoLibre en vez de Marketplace?",MexicoCity,66,63,"estafa, estafas, facebook marketplace",2025-04-15 16:45:24,https://reddit.com/r/MexicoCity/comments/1k05cbc/cuál_es_el_repudio_hacia_utilizar_mercadolibre_en/
1jafgaw,"INVI: ¿cómo funciona? ¿Alguien ha sido beneficiado?",MexicoCity,4,10,"estafa, estafas",2025-03-13 10:03:06,https://reddit.com/r/MexicoCity/comments/1jafgaw/invi_cómo_funciona_alguien_ha_sido_beneficiado/
1h0p69s,"Possible scam?",MexicoCity,1,13,"estafa",2024-11-26 16:45:46,https://reddit.com/r/MexicoCity/comments/1h0p69s/possible_scam/
1m0720f,"La Noche de los Museos",MexicoCity,0,11,"timo, timos",Mon Jul 14 2025 21:18:21 GMT-0600 (hora estándar central),https://www.reddit.com/r/MexicoCity/comments/1m0720f/la_noche_de_los_museos/
1lxqbkb,"Duda de empresa",MexicoCity,0,12,"estafa",Fri Jul 11 2025 21:20:34 GMT-0600 (hora estándar central),https://www.reddit.com/r/MexicoCity/comments/1lxqbkb/duda_de_empresa/
1gu6q6s,"Reseña Dreamfields",Guadalajara,21,36,"timo, timos",2024-11-18 09:03:41,https://reddit.com/r/Guadalajara/comments/1gu6q6s/reseña_dreamfields/
1ec2g2b,"Renta por Airbnb",Guadalajara,0,8,"estafa",2024-07-25 12:40:25,https://reddit.com/r/Guadalajara/comments/1ec2g2b/renta_por_airbnb/
1feta2g,"Me estafaron y necesito info del estafador ",Guadalajara,0,15,"estafa, me estafaron",2024-09-11 21:38:24,https://reddit.com/r/Guadalajara/comments/1feta2g/me_estafaron_y_necesito_info_del_estafador/
1fcq2ws,"Cuidado con estafadores de banco que visitan casas",Guadalajara,44,2,"estafa",2024-09-09 07:58:26,https://reddit.com/r/Guadalajara/comments/1fcq2ws/cuidado_con_estafadores_de_banco_que_visitan_casas/
1kf53dc,"Hojalatería/pintura... ¿algún taller que recomienden en la ZMG? / malas experiencias",Guadalajara,2,1,"timo, timos",2025-05-05 00:42:13,https://reddit.com/r/Guadalajara/comments/1kf53dc/hojalateríapintura_algún_taller_que_recomienden/
1l796ej,"Aval",Guadalajara,9,3,"estafa, estafas",2025-06-09 10:23:41,https://reddit.com/r/Guadalajara/comments/1l796ej/aval/
1f1vlqt,"Recomendaciones para venta de auto segura",Guadalajara,1,6,"estafa, estafas",2024-08-26 12:34:05,https://reddit.com/r/Guadalajara/comments/1f1vlqt/recomendaciones_para_venta_de_auto_segura/
1jj0i75,"Estafas en renta",Guadalajara,97,19,"estafa, estafas",2025-03-24 14:09:06,https://reddit.com/r/Guadalajara/comments/1jj0i75/estafas_en_renta/
1el4rbj,"Página web fraudulenta ",Guadalajara,11,14,"estafa, estafas",2024-08-05 19:07:29,https://reddit.com/r/Guadalajara/comments/1el4rbj/página_web_fraudulenta/
1lxn98i,"Opinion: estafa? si, ¿pero de que tipo?",Guadalajara,7,24,"estafa, estafas",Fri Jul 11 2025 18:43:16 GMT-0600 (hora estándar central),https://www.reddit.com/r/Guadalajara/comments/1lxn98i/opinion_estafa_si_pero_de_que_tipo/
1lvfeee,"Busco taller de suspensiones.",Guadalajara,1,5,"timo",Wed Jul 09 2025 04:33:21 GMT-0600 (hora estándar central),https://www.reddit.com/r/Guadalajara/comments/1lvfeee/busco_taller_de_suspensiones/
1ewh8of,"Llevo alrededor de un mes manejando y me voy dando cuenta de lo realmente culerisimo que maneja la gente aquí",Monterrey,221,127,"timo",2024-08-19 18:00:24,https://reddit.com/r/Monterrey/comments/1ewh8of/llevo_alrededor_de_un_mes_manejando_y_me_voy/
1k4grff,"Trabajo en fuerza civil",Monterrey,79,56,"timo, timos",2025-04-21 09:50:27,https://reddit.com/r/Monterrey/comments/1k4grff/trabajo_en_fuerza_civil/
1l3f1iy,"Estafas !",Monterrey,48,25,"fraude, estafa, estafas, timo",2025-06-04 13:43:36,https://reddit.com/r/Monterrey/comments/1l3f1iy/estafas/
1ka9ffn,"Han sido estafados por inmobiliarias fraudulentas?",Monterrey,26,23,"fraude, estafa",2025-04-28 17:10:55,https://reddit.com/r/Monterrey/comments/1ka9ffn/han_sido_estafados_por_inmobiliarias_fraudulentas/
1iuxf8d,"Sugerencias de un activista.",Monterrey,20,7,"timo, timos",2025-02-21 12:08:38,https://reddit.com/r/Monterrey/comments/1iuxf8d/sugerencias_de_un_activista/
1fol2o8,"Ayuda con sobre cobros de Agua &amp; Drenaje de Monterrey.",Monterrey,0,33,"estafa",2024-09-24 13:28:44,https://reddit.com/r/Monterrey/comments/1fol2o8/ayuda_con_sobre_cobros_de_agua_drenaje_de/
1ep3r4m,"Me contrataron y no me pagaron (version fotografo de deportes)",Monterrey,92,69,"estafa, no me pagaron",2024-08-10 15:23:18,https://reddit.com/r/Monterrey/comments/1ep3r4m/me_contrataron_y_no_me_pagaron_version_fotografo/
1lexq6f,"Posible estafa: Italiano ""regalando"" mercancía",Monterrey,74,53,"estafa",2025-06-18 18:56:03,https://reddit.com/r/Monterrey/comments/1lexq6f/posible_estafa_italiano_regalando_mercancía/
1evp3mt,"Estafa pago refrendo Nuevo León",Monterrey,43,17,"estafa, estafas, timo",2024-08-18 18:59:39,https://reddit.com/r/Monterrey/comments/1evp3mt/estafa_pago_refrendo_nuevo_león/
1kiunz2,"Posible estafa señor pelón?",Monterrey,3,38,"estafa",2025-05-09 16:05:20,https://reddit.com/r/Monterrey/comments/1kiunz2/posible_estafa_señor_pelón/
1ffwi6e,"Ayuda por fraude ",Monterrey,11,14,"fraude",2024-09-13 08:45:07,https://reddit.com/r/Monterrey/comments/1ffwi6e/ayuda_por_fraude/
1kbtv6t,"Proyecto Livent Anahuac (de InterDesarrollos) es estafa?",Monterrey,2,7,"estafa",2025-04-30 16:54:28,https://reddit.com/r/Monterrey/comments/1kbtv6t/proyecto_livent_anahuac_de_interdesarrollos_es/
1ghhbqw,"Quiero empezar a vender para agencias o negocios de  carros para agarrar experiencia ",Monterrey,1,8,"fraude",2024-11-01 16:09:41,https://reddit.com/r/Monterrey/comments/1ghhbqw/quiero_empezar_a_vender_para_agencias_o_negocios/
1kwdtb3,"Ayuda para rentar",Monterrey,0,4,"fraude",2025-05-26 21:50:53,https://reddit.com/r/Monterrey/comments/1kwdtb3/ayuda_para_rentar/
1jm7esz,"Trabajo Remoto",Monterrey,0,8,"estafa",2025-03-28 16:23:40,https://reddit.com/r/Monterrey/comments/1jm7esz/trabajo_remoto/
1g850pb,"Estafa del Italiano que trabaja en Emporio Armani",Monterrey,149,97,"estafa, timo",2024-10-20 12:11:01,https://reddit.com/r/Monterrey/comments/1g850pb/estafa_del_italiano_que_trabaja_en_emporio_armani/
1lzx79l,"Probable estafa",Monterrey,20,8,"estafa",Mon Jul 14 2025 14:14:05 GMT-0600 (hora estándar central),https://i.redd.it/5bvrv0erdwcf1.jpeg
1lxgozp,"Saben si puedo ir a las oficinas de Uber para reclamar unas facturas?",Monterrey,4,12,"timo, timos",Fri Jul 11 2025 13:56:45 GMT-0600 (hora estándar central),https://www.reddit.com/r/Monterrey/comments/1lxgozp/saben_si_puedo_ir_a_las_oficinas_de_uber_para/
1lwiquo,"Tácticas estafadoras al buscar rentar",Monterrey,100,19,"estafa",Thu Jul 10 2025 11:30:30 GMT-0600 (hora estándar central),https://i.redd.it/2rz7kxfx03cf1.jpeg
1lvxi46,"Supuesta verificación de automóvil / Seguros BBVA",Monterrey,6,9,"timo",Wed Jul 09 2025 17:19:30 GMT-0600 (hora estándar central),https://i.redd.it/rp60p17amxbf1.jpeg
1lv68ol,"Estafa o porque tanto pedo?",Monterrey,34,97,"estafa",Tue Jul 08 2025 19:28:06 GMT-0600 (hora estándar central),https://i.redd.it/6vjpjqcb4rbf1.jpeg
1kx6cox,"ACTUALIZACIÓN: DEL NUEVO CÁRTEL DE LA BAJA. Dice Victor Lagunas y Said Betanzos que no, que ellos son buenos y honestos y los demás traemos agenda politica jajaja pobre",tijuana,41,20,"timo",2025-05-27 20:52:17,https://reddit.com/r/tijuana/comments/1kx6cox/actualización_del_nuevo_cártel_de_la_baja_dice/
1gb71sw,"Vidrios polarizados",tijuana,6,13,"timo",2024-10-24 10:39:08,https://reddit.com/r/tijuana/comments/1gb71sw/vidrios_polarizados/
1eu0lg1,"Puntos premium visa, ¿estafa?",tijuana,6,7,"estafa",2024-08-16 15:33:06,https://reddit.com/r/tijuana/comments/1eu0lg1/puntos_premium_visa_estafa/
1ealxwh,"¿Han escuchado / comprado de Servicios Inmobiliarios de Potosí? ",tijuana,3,10,"fraude, estafa",2024-07-23 17:04:32,https://reddit.com/r/tijuana/comments/1ealxwh/han_escuchado_comprado_de_servicios_inmobiliarios/
1hvj810,"Tijuana sin ley....",tijuana,0,12,"me robaron",2025-01-06 22:20:38,https://reddit.com/r/tijuana/comments/1hvj810/tijuana_sin_ley/
1j2v9z4,"How to report Tijuana Police for falsely stopping me and stealing my money in Baja California? ¿Cómo denunciar a la Policía de Tijuana por detenerme falsamente y robarme mi dinero en Baja California?",tijuana,5,1,"me robaron, timo, timos",2025-03-03 16:23:34,https://reddit.com/r/tijuana/comments/1j2v9z4/how_to_report_tijuana_police_for_falsely_stopping/
1e6bubh,"como evitar estafas y golpes al alquilar por facebook?",tijuana,9,14,"estafa, estafas",2024-07-18 07:46:06,https://reddit.com/r/tijuana/comments/1e6bubh/como_evitar_estafas_y_golpes_al_alquilar_por/
1ilolzt,"ESTAFA EN ZONA CENTRO",tijuana,20,38,"estafa",2025-02-09 14:41:14,https://reddit.com/r/tijuana/comments/1ilolzt/estafa_en_zona_centro/
1inbzia,"SSPCM Tijuana trabaja en establecer Policía Cibernética",tijuana,8,0,"fraude, estafa",2025-02-11 16:52:51,https://reddit.com/r/tijuana/comments/1inbzia/sspcm_tijuana_trabaja_en_establecer_policía/
1j4yy0v,"Los famosos ""remates bancarios""",tijuana,24,16,"fraude",2025-03-06 10:08:50,https://reddit.com/r/tijuana/comments/1j4yy0v/los_famosos_remates_bancarios/
1iw5ees,"inmobiliarias confiables en Tijuana para comprar terrenos en pagos y que pueda regularizar con indivi (es decir inmobiliarias que tengan convenio con indivi)",tijuana,5,6,"fraude, estafa, estafas",2025-02-23 02:15:39,https://reddit.com/r/tijuana/comments/1iw5ees/inmobiliarias_confiables_en_tijuana_para_comprar/
1jduhd6,"Pregunta sobre visados en México como ciudadano estadounidense",tijuana,1,0,"fraude",2025-03-17 20:09:50,https://reddit.com/r/tijuana/comments/1jduhd6/pregunta_sobre_visados_en_méxico_como_ciudadano/
1e8571q,"¿Le están haciendo algún fraude a mi compra?",tijuana,1,3,"fraude",2024-07-20 14:45:29,https://reddit.com/r/tijuana/comments/1e8571q/le_están_haciendo_algún_fraude_a_mi_compra/
1m13y7a,"Probable estafa ?",tijuana,0,1,"estafa",Tue Jul 15 2025 23:03:31 GMT-0600 (hora estándar central),/r/BajaCalifornia/comments/1m13xva/probable_estafa/
1lzzape,"Puedo cruzar una moto arriba de una camioneta de san diego a Tijuana?",tijuana,3,8,"facebook marketplace",Mon Jul 14 2025 15:34:30 GMT-0600 (hora estándar central),https://www.reddit.com/r/tijuana/comments/1lzzape/puedo_cruzar_una_moto_arriba_de_una_camioneta_de/
1jm3v8v,"Ayuda proyecto titulacion",Mexicali,5,0,"timo",2025-03-28 13:49:19,https://reddit.com/r/Mexicali/comments/1jm3v8v/ayuda_proyecto_titulacion/
1lwoym0,"Estafa Impermiablizantes",Mexicali,1,0,"estafa",Thu Jul 10 2025 15:35:21 GMT-0600 (hora estándar central),https://www.reddit.com/r/Mexicali/comments/1lwoym0/estafa_impermiablizantes/
1loudpw,"¿No les ha pasado que les quitan especificamente el platillo que te gusta en las apps de comida?",Mexicali,5,1,"timo",Tue Jul 01 2025 00:16:46 GMT-0600 (hora estándar central),https://www.reddit.com/r/Mexicali/comments/1loudpw/no_les_ha_pasado_que_les_quitan_especificamente/
1egk4xc,"""Amigos""",es,42,24,"timo",2024-07-31 04:51:28,https://reddit.com/r/es/comments/1egk4xc/amigos/
1lgcokg,"Seguro de coche Penelope (linea directa)",es,2,3,"estafa",2025-06-20 13:24:15,https://reddit.com/r/es/comments/1lgcokg/seguro_de_coche_penelope_linea_directa/
1lrhkhj,"Necesito consejos sobre CV y carrera",es,39,46,"timo, timos",Fri Jul 04 2025 06:30:17 GMT-0600 (hora estándar central),https://www.reddit.com/gallery/1lrhkhj
1lqoa21,"Intentarlo hasta el final dió resultado",es,55,3,"timo, timos",Thu Jul 03 2025 06:26:39 GMT-0600 (hora estándar central),https://i.redd.it/v0urhfxbknaf1.jpeg
1lq2shm,"Rellenitas de heno",es,34,3,"timo, timos",Wed Jul 02 2025 12:02:23 GMT-0600 (hora estándar central),https://v.redd.it/0mzra5633iaf1
1lffpez,"HISTORIA CON UNA CHICA, QUE ALGUIEN ME AYUDE A ENTENDER SU COMPORTAMIENTO",es,0,8,"timo",Thu Jun 19 2025 10:50:28 GMT-0600 (hora estándar central),https://www.reddit.com/r/es/comments/1lffpez/historia_con_una_chica_que_alguien_me_ayude_a/
1lc83pa,"Propuesta de juego :)",es,0,9,"timo",Sun Jun 15 2025 13:00:42 GMT-0600 (hora estándar central),https://www.reddit.com/r/es/comments/1lc83pa/propuesta_de_juego/
1laalof,"Amar a unos y condenar a otros",es,5,44,"timo, timos",Fri Jun 13 2025 02:18:58 GMT-0600 (hora estándar central),https://www.reddit.com/r/es/comments/1laalof/amar_a_unos_y_condenar_a_otros/
1fy1twe,"Mi padre le fue infiel a mi madre y su amante espero a mi medio hermano ",espanol,4,7,"timo",2024-10-07 01:12:56,https://reddit.com/r/espanol/comments/1fy1twe/mi_padre_le_fue_infiel_a_mi_madre_y_su_amante/
1iaif1y,"ayuda.",espanol,1,2,"timo, timos",2025-01-26 10:10:38,https://reddit.com/r/espanol/comments/1iaif1y/ayuda/
1kkq3l1,"45.1S, 104.1E (MH370)",espanol,0,1,"timo",2025-05-12 05:26:52,https://reddit.com/r/espanol/comments/1kkq3l1/451s_1041e_mh370/
1fnx7e2,"DEPRESION EN EL EMBARAZO",espanol,6,3,"timo",2024-09-23 16:24:30,https://reddit.com/r/espanol/comments/1fnx7e2/depresion_en_el_embarazo/
1izecp0,"Hola disculpen la molestia soy nuevo en Reddit quería hacer una consulta un poco seria",espanol,1,1,"timo",2025-02-27 06:14:12,https://reddit.com/r/espanol/comments/1izecp0/hola_disculpen_la_molestia_soy_nuevo_en_reddit/
1g706nn,"Ayuda en encontrar un manga romántico de una chica japonesa y un príncipe árabe ",espanol,1,1,"timo",2024-10-18 21:30:55,https://reddit.com/r/espanol/comments/1g706nn/ayuda_en_encontrar_un_manga_romántico_de_una/
1jzfqoe,"MI NOVIA ME ENGAÑO cON MI MEJOR AMIGO Y ME VOLVI UN ADICT0 A LAS DR0G4S...",espanol,1,1,"timo",2025-04-14 19:29:22,https://reddit.com/r/espanol/comments/1jzfqoe/mi_novia_me_engaño_con_mi_mejor_amigo_y_me_volvi/
1k4f6hh,"threads, por que nadie habla de los negocios estafa que hay en esta plataforma???",espanol,2,1,"estafa, estafas",2025-04-21 08:40:33,https://reddit.com/r/espanol/comments/1k4f6hh/threads_por_que_nadie_habla_de_los_negocios/
1ff34n8,"Necesito consejos ",espanol,2,1,"timo",2024-09-12 07:53:57,https://reddit.com/r/espanol/comments/1ff34n8/necesito_consejos/
1i9q6dj,"encontré laburo por comisión del cual no tengo idea",espanol,1,1,"estafa, estafas",2025-01-25 10:06:46,https://reddit.com/r/espanol/comments/1i9q6dj/encontré_laburo_por_comisión_del_cual_no_tengo/
1m176h1,"Me fueron infiel y me gustó (te cuento)",espanol,0,1,"timo",Wed Jul 16 2025 02:26:41 GMT-0600 (hora estándar central),https://www.reddit.com/r/espanol/comments/1m176h1/me_fueron_infiel_y_me_gustó_te_cuento/
1lvs68t,"Soldados Usados Como Experimento en la Segunda Guerra Mundial | Historia Real del Gas Mostaza",espanol,1,1,"timo",Wed Jul 09 2025 13:40:08 GMT-0600 (hora estándar central),https://youtu.be/MrAWOV0ppnM
1lvhy3t,"La mayor estafa cripto contada al detalle: FTX y Sam Bankman-Fried",espanol,1,2,"fraude, estafa",Wed Jul 09 2025 06:49:49 GMT-0600 (hora estándar central),https://www.reddit.com/r/espanol/comments/1lvhy3t/la_mayor_estafa_cripto_contada_al_detalle_ftx_y/
1i52qbn,"grupo de inversiones wassap estafa",Scams,1,12,"estafa, estafas",2025-01-19 10:45:46,https://reddit.com/r/Scams/comments/1i52qbn/grupo_de_inversiones_wassap_estafa/
1ik816j,"AV destination Premio de radio es fraude",Scams,0,5,"fraude, estafa",2025-02-07 16:45:30,https://reddit.com/r/Scams/comments/1ik816j/av_destination_premio_de_radio_es_fraude/
1hedfrc,"Real o estafa ? Me piden que deposite , ayuda porfavor ",Scams,0,7,"estafa",2024-12-14 15:49:24,https://reddit.com/r/Scams/comments/1hedfrc/real_o_estafa_me_piden_que_deposite_ayuda_porfavor/
1gey32e,"When tracking numbers don’t match: the triangulation scam",Scams,65,17,"facebook marketplace",2024-10-29 09:59:10,https://reddit.com/r/Scams/comments/1gey32e/when_tracking_numbers_dont_match_the/
1fkz6p4,"SEC Charges 3 Individuals, 5 Companies With Operating Pig Butchering Scams",Scams,24,12,"fraude",2024-09-19 18:15:21,https://reddit.com/r/Scams/comments/1fkz6p4/sec_charges_3_individuals_5_companies_with/
1g7yoqi,"Australian wanted by FBI over alleged $46 million scam arrested in Italy",Scams,19,2,"fraude",2024-10-20 07:27:26,https://reddit.com/r/Scams/comments/1g7yoqi/australian_wanted_by_fbi_over_alleged_46_million/
1kw60sb,"[US] New Client wants to pay by eCheck. Think it's a scam, want to be sure.",Scams,17,23,"fraude",2025-05-26 15:25:49,https://reddit.com/r/Scams/comments/1kw60sb/us_new_client_wants_to_pay_by_echeck_think_its_a/
1he0mb4,"Fraude DPD facebook ",Scams,4,2,"fraude, venta por facebook",2024-12-14 04:59:48,https://reddit.com/r/Scams/comments/1he0mb4/fraude_dpd_facebook/
1hk5q0j,"Trabajo remoto en Amc",Scams,0,5,"estafa",2024-12-22 13:29:16,https://reddit.com/r/Scams/comments/1hk5q0j/trabajo_remoto_en_amc/
1m0w0md,"[US] Wanna know if my son's mom should be worried",Scams,5,19,"facebook marketplace",Tue Jul 15 2025 16:36:41 GMT-0600 (hora estándar central),https://www.reddit.com/r/Scams/comments/1m0w0md/us_wanna_know_if_my_sons_mom_should_be_worried/
1k6wzpy,"What to do for uninsured motorist damages: is small claims basically optional?",legaladvice,2,1,"timo",2025-04-24 10:45:18,https://reddit.com/r/legaladvice/comments/1k6wzpy/what_to_do_for_uninsured_motorist_damages_is/
1i53yrq,"Can my family recover money from a fraudulent ex-pastor? ",legaladvice,1,0,"timo",2025-01-19 11:37:46,https://reddit.com/r/legaladvice/comments/1i53yrq/can_my_family_recover_money_from_a_fraudulent/
1k641fv,"Got Scammed Selling Shoes — Store Now Has Them for Sale. What Are My Rights?",legaladvice,1,2,"facebook marketplace",2025-04-23 10:49:36,https://reddit.com/r/legaladvice/comments/1k641fv/got_scammed_selling_shoes_store_now_has_them_for/
1gqzf9z,"Check if legit",legaladvice,0,0,"estafa",2024-11-14 01:18:23,https://reddit.com/r/legaladvice/comments/1gqzf9z/check_if_legit/
1lboh53,"Immigration and Customs Enforcement Investigation/Search Megathread",legaladvice,18,14,"timo",Sat Jun 14 2025 19:27:54 GMT-0600 (hora estándar central),https://www.reddit.com/r/legaladvice/comments/1lboh53/immigration_and_customs_enforcement/
1m1dwew,"Bought a car in Texas private sale and there is an issue with the title. The previous owner is now in Japan.",legaladvice,5,9,"facebook marketplace",Wed Jul 16 2025 08:22:49 GMT-0600 (hora estándar central),https://www.reddit.com/r/legaladvice/comments/1m1dwew/bought_a_car_in_texas_private_sale_and_there_is/